ip_address,timestamp,page_visited,visitor_type
52.16.0.0,2025-07-30 14:30:15,/aog-services,Boeing Company
199.168.0.0,2025-07-30 14:25:33,/dangerous-goods,Delta Air Lines
104.244.0.0,2025-07-30 14:20:44,/trade-compliance,American Airlines
64.233.160.0,2025-07-30 14:15:22,/expertise,Lufthansa Technik
157.240.0.0,2025-07-30 14:12:18,/our-delivery,United Airlines
208.67.222.0,2025-07-30 14:08:56,/working-with-us,Rolls-Royce
192.0.32.0,2025-07-30 14:05:31,/about,Airbus
216.58.194.0,2025-07-30 14:02:47,/services,British Airways
173.252.66.0,2025-07-30 13:58:12,/aog-services,Emirates
140.82.112.0,2025-07-30 13:55:38,/dangerous-goods,Southwest Airlines
151.101.193.0,2025-07-30 13:52:14,/trade-compliance,JetBlue Airways
13.107.42.0,2025-07-30 13:48:29,/expertise,Alaska Airlines
104.16.132.0,2025-07-30 13:45:55,/our-delivery,Pratt & Whitney
185.199.108.0,2025-07-30 13:42:11,/working-with-us,GE Aviation
8.8.8.8,2025-07-30 13:38:47,/about,Qatar Airways
52.84.0.0,2025-07-30 13:35:23,/services,Spirit AeroSystems
104.18.0.0,2025-07-30 13:32:58,/aog-services,Air France-KLM
192.30.253.0,2025-07-30 13:29:34,/dangerous-goods,Singapore Airlines
17.248.0.0,2025-07-30 13:26:10,/trade-compliance,Turkish Airlines
23.235.32.0,2025-07-30 13:22:45,/expertise,Cathay Pacific